,ABox,Run,Time,Judgement
0,"a:(A&B),a:C",-> -> a:(A&B),4.8492,C
1,"a:(A&B),a:C",-> -> a:(A&B),4.8231,C
2,"a:(A&B),a:C",-> -> a:(A&B),4.8475,C
3,"a:(A&B),a:C",-> -> a:(A&B),4.8502,C
4,"a:(A&B),a:C",-> -> a:(A&B),4.8202,C
5,"a:(A&B),a:C",-> -> a:(A&B),4.8509,C
6,"a:(A&B),a:C",-> -> a:(A&B),4.825,C
7,"a:(A&B),a:C",-> -> a:(A&B),4.8228,C
8,"a:(A&B),a:C",-> -> a:(A&B),4.8252,C
9,"a:(A&B),a:C",-> -> a:(A&B),4.8481,C
10,"a:(A&B),a:C",-> -> a:(A&B),4.8481,C
11,"a:(A&B),a:C",-> -> a:(A&B),4.8474,C
12,"a:(A&B),a:C",-> -> a:(A&B),4.8489,C
13,"a:(A&B),a:C",-> -> a:(A&B),4.8504,C
14,"a:(A&B),a:C",-> -> a:(A&B),4.8459,C
15,"a:(A&B),a:C",-> -> a:(A&B),4.8213,C
16,"a:(A&B),a:C",-> -> a:(A&B),4.8228,C
17,"a:(A&B),a:C",-> -> a:(A&B),4.8465,C
18,"a:(A&B),a:C",-> -> a:(A&B),4.8459,C
19,"a:(A&B),a:C",-> -> a:(A&B),4.826,C
20,"a:(A&B),a:C",-> -> a:(A&B),4.822,C
21,"a:(A&B),a:C",-> -> a:(A&B),4.824,C
22,"a:(A&B),a:C",-> -> a:(A&B),4.821,C
23,"a:(A&B),a:C",-> -> a:(A&B),4.8449,C
24,"a:(A&B),a:C",-> -> a:(A&B),4.8217,C
25,"a:(A&B),a:C",-> -> a:(A&B),4.8227,C
26,"a:(A&B),a:C",-> -> a:(A&B),4.821,C
27,"a:(A&B),a:C",-> -> a:(A&B),4.8215,C
28,"a:(A&B),a:C",-> -> a:(A&B),4.8208,C
29,"a:(A&B),a:C",-> -> a:(A&B),4.8476,C
30,"a:(A&B),a:C",-> -> a:(A&B),4.8213,C
31,"a:(A&B),a:C",-> -> a:(A&B),4.8243,C
32,"a:(A&B),a:C",-> -> a:(A&B),4.8486,C
33,"a:(A&B),a:C",-> -> a:(A&B),4.8491,C
34,"a:(A&B),a:C",-> -> a:(A&B),4.8516,C
35,"a:(A&B),a:C",-> -> a:(A&B),4.8515,C
36,"a:(A&B),a:C",-> -> a:(A&B),4.848,C
37,"a:(A&B),a:C",-> -> a:(A&B),4.8262,C
38,"a:(A&B),a:C",-> -> a:(A&B),4.8227,C
39,"a:(A&B),a:C",-> -> a:(A&B),4.8237,C
40,"a:(A&B),a:C",-> -> a:(A&B),4.8447,C
41,"a:(A&B),a:C",-> -> a:(A&B),4.826,C
42,"a:(A&B),a:C",-> -> a:(A&B),4.8466,C
43,"a:(A&B),a:C",-> -> a:(A&B),4.8466,C
44,"a:(A&B),a:C",-> -> a:(A&B),4.8236,C
45,"a:(A&B),a:C",-> -> a:(A&B),4.824,C
46,"a:(A&B),a:C",-> -> a:(A&B),4.8458,C
47,"a:(A&B),a:C",-> -> a:(A&B),4.8215,C
48,"a:(A&B),a:C",-> -> a:(A&B),4.8475,C
49,"a:(A&B),a:C",-> -> a:(A&B),4.8501,C
50,"a:(A&B),a:C",-> -> a:(A&B),4.8232,C
51,"a:(A&B),a:C",-> -> a:(A&B),4.8246,C
52,"a:(A&B),a:C",-> -> a:(A&B),4.8223,C
53,"a:(A&B),a:C",-> -> a:(A&B),4.8515,C
54,"a:(A&B),a:C",-> -> a:(A&B),4.82,C
55,"a:(A&B),a:C",-> -> a:(A&B),4.8486,C
56,"a:(A&B),a:C",-> -> a:(A&B),4.8489,C
57,"a:(A&B),a:C",-> -> a:(A&B),4.8452,C
58,"a:(A&B),a:C",-> -> a:(A&B),4.8212,C
59,"a:(A&B),a:C",-> -> a:(A&B),4.8303,C
60,"a:(A&B),a:C",-> -> a:(A&B),4.8219,C
61,"a:(A&B),a:C",-> -> a:(A&B),4.8483,C
62,"a:(A&B),a:C",-> -> a:(A&B),4.8197,C
63,"a:(A&B),a:C",-> -> a:(A&B),4.8481,C
64,"a:(A&B),a:C",-> -> a:(A&B),4.8235,C
65,"a:(A&B),a:C",-> -> a:(A&B),4.8216,C
66,"a:(A&B),a:C",-> -> a:(A&B),4.8205,C
67,"a:(A&B),a:C",-> -> a:(A&B),4.8245,C
68,"a:(A&B),a:C",-> -> a:(A&B),4.8253,C
69,"a:(A&B),a:C",-> -> a:(A&B),4.846,C
70,"a:(A&B),a:C",-> -> a:(A&B),4.851,C
71,"a:(A&B),a:C",-> -> a:(A&B),4.8241,C
72,"a:(A&B),a:C",-> -> a:(A&B),4.846,C
73,"a:(A&B),a:C",-> -> a:(A&B),4.8487,C
74,"a:(A&B),a:C",-> -> a:(A&B),4.8464,C
75,"a:(A&B),a:C",-> -> a:(A&B),4.8506,C
76,"a:(A&B),a:C",-> -> a:(A&B),4.8537,C
77,"a:(A&B),a:C",-> -> a:(A&B),4.8268,C
78,"a:(A&B),a:C",-> -> a:(A&B),4.8266,C
79,"a:(A&B),a:C",-> -> a:(A&B),4.8224,C
80,"a:(A&B),a:C",-> -> a:(A&B),4.8226,C
81,"a:(A&B),a:C",-> -> a:(A&B),4.8203,C
82,"a:(A&B),a:C",-> -> a:(A&B),4.8238,C
83,"a:(A&B),a:C",-> -> a:(A&B),4.85,C
84,"a:(A&B),a:C",-> -> a:(A&B),4.8435,C
85,"a:(A&B),a:C",-> -> a:(A&B),4.8434,C
86,"a:(A&B),a:C",-> -> a:(A&B),4.8256,C
87,"a:(A&B),a:C",-> -> a:(A&B),4.8237,C
88,"a:(A&B),a:C",-> -> a:(A&B),4.8488,C
89,"a:(A&B),a:C",-> -> a:(A&B),4.8234,C
90,"a:(A&B),a:C",-> -> a:(A&B),4.8232,C
91,"a:(A&B),a:C",-> -> a:(A&B),4.8466,C
92,"a:(A&B),a:C",-> -> a:(A&B),4.8463,C
93,"a:(A&B),a:C",-> -> a:(A&B),4.8467,C
94,"a:(A&B),a:C",-> -> a:(A&B),4.8212,C
95,"a:(A&B),a:C",-> -> a:(A&B),4.8243,C
96,"a:(A&B),a:C",-> -> a:(A&B),4.8247,C
97,"a:(A&B),a:C",-> -> a:(A&B),4.8216,C
98,"a:(A&B),a:C",-> -> a:(A&B),4.85,C
99,"a:(A&B),a:C",-> -> a:(A&B),4.849,C
100,"a:(A&B),a:C",-> -> a:(A&B),4.8474,C
101,"a:(A&B),a:C",-> -> a:(A&B),4.8231,C
102,"a:(A&B),a:C",-> -> a:(A&B),4.8471,C
103,"a:(A&B),a:C",-> -> a:(A&B),4.8459,C
104,"a:(A&B),a:C",-> -> a:(A&B),4.8227,C
105,"a:(A&B),a:C",-> -> a:(A&B),4.8194,C
106,"a:(A&B),a:C",-> -> a:(A&B),4.8232,C
107,"a:(A&B),a:C",-> -> a:(A&B),4.823,C
108,"a:(A&B),a:C",-> -> a:(A&B),4.848,C
109,"a:(A&B),a:C",-> -> a:(A&B),4.8475,C
110,"a:(A&B),a:C",-> -> a:(A&B),4.8464,C
111,"a:(A&B),a:C",-> -> a:(A&B),4.8486,C
112,"a:(A&B),a:C",-> -> a:(A&B),4.823,C
113,"a:(A&B),a:C",-> -> a:(A&B),4.8222,C
114,"a:(A&B),a:C",-> -> a:(A&B),4.8455,C
115,"a:(A&B),a:C",-> -> a:(A&B),4.848,C
116,"a:(A&B),a:C",-> -> a:(A&B),4.8238,C
117,"a:(A&B),a:C",-> -> a:(A&B),4.8496,C
118,"a:(A&B),a:C",-> -> a:(A&B),4.8279,C
119,"a:(A&B),a:C",-> -> a:(A&B),4.8436,C
120,"a:(A&B),a:C",-> -> a:(A&B),4.822,C
121,"a:(A&B),a:C",-> -> a:(A&B),4.8477,C
122,"a:(A&B),a:C",-> -> a:(A&B),4.8436,C
123,"a:(A&B),a:C",-> -> a:(A&B),4.8472,C
124,"a:(A&B),a:C",-> -> a:(A&B),4.8275,C
125,"a:(A&B),a:C",-> -> a:(A&B),4.8466,C
126,"a:(A&B),a:C",-> -> a:(A&B),4.8531,C
127,"a:(A&B),a:C",-> -> a:(A&B),4.8487,C
128,"a:(A&B),a:C",-> -> a:(A&B),4.8232,C
129,"a:(A&B),a:C",-> -> a:(A&B),4.8262,C
130,"a:(A&B),a:C",-> -> a:(A&B),4.8475,C
131,"a:(A&B),a:C",-> -> a:(A&B),4.8485,C
132,"a:(A&B),a:C",-> -> a:(A&B),4.8459,C
133,"a:(A&B),a:C",-> -> a:(A&B),4.8273,C
134,"a:(A&B),a:C",-> -> a:(A&B),4.8473,C
135,"a:(A&B),a:C",-> -> a:(A&B),4.8484,C
136,"a:(A&B),a:C",-> -> a:(A&B),4.8255,C
137,"a:(A&B),a:C",-> -> a:(A&B),4.8469,C
138,"a:(A&B),a:C",-> -> a:(A&B),4.8526,C
139,"a:(A&B),a:C",-> -> a:(A&B),4.8507,C
140,"a:(A&B),a:C",-> -> a:(A&B),4.8203,C
141,"a:(A&B),a:C",-> -> a:(A&B),4.8203,C
142,"a:(A&B),a:C",-> -> a:(A&B),4.826,C
143,"a:(A&B),a:C",-> -> a:(A&B),4.8213,C
144,"a:(A&B),a:C",-> -> a:(A&B),4.8247,C
145,"a:(A&B),a:C",-> -> a:(A&B),4.8232,C
146,"a:(A&B),a:C",-> -> a:(A&B),4.8258,C
147,"a:(A&B),a:C",-> -> a:(A&B),4.825,C
148,"a:(A&B),a:C",-> -> a:(A&B),4.8222,C
149,"a:(A&B),a:C",-> -> a:(A&B),4.823,C
150,"a:(A&B),a:C",-> -> a:(A&B),4.844,C
151,"a:(A&B),a:C",-> -> a:(A&B),4.8461,C
152,"a:(A&B),a:C",-> -> a:(A&B),4.8503,C
153,"a:(A&B),a:C",-> -> a:(A&B),4.8501,C
154,"a:(A&B),a:C",-> -> a:(A&B),4.8239,C
155,"a:(A&B),a:C",-> -> a:(A&B),4.8477,C
156,"a:(A&B),a:C",-> -> a:(A&B),4.8235,C
157,"a:(A&B),a:C",-> -> a:(A&B),4.823,C
158,"a:(A&B),a:C",-> -> a:(A&B),4.8255,C
159,"a:(A&B),a:C",-> -> a:(A&B),4.8255,C
160,"a:(A&B),a:C",-> -> a:(A&B),4.8461,C
161,"a:(A&B),a:C",-> -> a:(A&B),4.823,C
162,"a:(A&B),a:C",-> -> a:(A&B),4.8256,C
163,"a:(A&B),a:C",-> -> a:(A&B),4.8257,C
164,"a:(A&B),a:C",-> -> a:(A&B),4.8245,C
165,"a:(A&B),a:C",-> -> a:(A&B),4.848,C
166,"a:(A&B),a:C",-> -> a:(A&B),4.8537,C
167,"a:(A&B),a:C",-> -> a:(A&B),4.8482,C
168,"a:(A&B),a:C",-> -> a:(A&B),4.8227,C
169,"a:(A&B),a:C",-> -> a:(A&B),4.8272,C
170,"a:(A&B),a:C",-> -> a:(A&B),4.8219,C
171,"a:(A&B),a:C",-> -> a:(A&B),4.825,C
172,"a:(A&B),a:C",-> -> a:(A&B),4.8267,C
173,"a:(A&B),a:C",-> -> a:(A&B),4.8237,C
174,"a:(A&B),a:C",-> -> a:(A&B),4.8252,C
175,"a:(A&B),a:C",-> -> a:(A&B),4.8265,C
176,"a:(A&B),a:C",-> -> a:(A&B),4.8292,C
177,"a:(A&B),a:C",-> -> a:(A&B),4.8209,C
178,"a:(A&B),a:C",-> -> a:(A&B),4.8487,C
179,"a:(A&B),a:C",-> -> a:(A&B),4.8488,C
180,"a:(A&B),a:C",-> -> a:(A&B),4.8438,C
181,"a:(A&B),a:C",-> -> a:(A&B),4.8433,C
182,"a:(A&B),a:C",-> -> a:(A&B),4.8463,C
183,"a:(A&B),a:C",-> -> a:(A&B),4.8506,C
184,"a:(A&B),a:C",-> -> a:(A&B),4.8449,C
185,"a:(A&B),a:C",-> -> a:(A&B),4.8227,C
186,"a:(A&B),a:C",-> -> a:(A&B),4.8217,C
187,"a:(A&B),a:C",-> -> a:(A&B),4.8521,C
188,"a:(A&B),a:C",-> -> a:(A&B),4.8502,C
189,"a:(A&B),a:C",-> -> a:(A&B),4.8499,C
190,"a:(A&B),a:C",-> -> a:(A&B),4.8254,C
191,"a:(A&B),a:C",-> -> a:(A&B),4.82,C
192,"a:(A&B),a:C",-> -> a:(A&B),4.8238,C
193,"a:(A&B),a:C",-> -> a:(A&B),4.8245,C
194,"a:(A&B),a:C",-> -> a:(A&B),4.8447,C
195,"a:(A&B),a:C",-> -> a:(A&B),4.8504,C
196,"a:(A&B),a:C",-> -> a:(A&B),4.8221,C
197,"a:(A&B),a:C",-> -> a:(A&B),4.8487,C
198,"a:(A&B),a:C",-> -> a:(A&B),4.847,C
199,"a:(A&B),a:C",-> -> a:(A&B),4.8222,C
200,"a:(A&B),a:C",-> -> a:(A&B),4.849,C
201,"a:(A&B),a:C",-> -> a:(A&B),4.8486,C
202,"a:(A&B),a:C",-> -> a:(A&B),4.8251,C
203,"a:(A&B),a:C",-> -> a:(A&B),4.8219,C
204,"a:(A&B),a:C",-> -> a:(A&B),4.8234,C
205,"a:(A&B),a:C",-> -> a:(A&B),4.8234,C
206,"a:(A&B),a:C",-> -> a:(A&B),4.8264,C
207,"a:(A&B),a:C",-> -> a:(A&B),4.8257,C
208,"a:(A&B),a:C",-> -> a:(A&B),4.8471,C
209,"a:(A&B),a:C",-> -> a:(A&B),4.8276,C
210,"a:(A&B),a:C",-> -> a:(A&B),4.8218,C
211,"a:(A&B),a:C",-> -> a:(A&B),4.8452,C
212,"a:(A&B),a:C",-> -> a:(A&B),4.8533,C
213,"a:(A&B),a:C",-> -> a:(A&B),4.8206,C
214,"a:(A&B),a:C",-> -> a:(A&B),4.8485,C
215,"a:(A&B),a:C",-> -> a:(A&B),4.8253,C
216,"a:(A&B),a:C",-> -> a:(A&B),4.8206,C
217,"a:(A&B),a:C",-> -> a:(A&B),4.8263,C
218,"a:(A&B),a:C",-> -> a:(A&B),4.8484,C
219,"a:(A&B),a:C",-> -> a:(A&B),4.8485,C
220,"a:(A&B),a:C",-> -> a:(A&B),4.85,C
221,"a:(A&B),a:C",-> -> a:(A&B),4.8229,C
222,"a:(A&B),a:C",-> -> a:(A&B),4.8223,C
223,"a:(A&B),a:C",-> -> a:(A&B),4.8229,C
224,"a:(A&B),a:C",-> -> a:(A&B),4.8282,C
225,"a:(A&B),a:C",-> -> a:(A&B),4.822,C
226,"a:(A&B),a:C",-> -> a:(A&B),4.8448,C
227,"a:(A&B),a:C",-> -> a:(A&B),4.8243,C
228,"a:(A&B),a:C",-> -> a:(A&B),4.8486,C
229,"a:(A&B),a:C",-> -> a:(A&B),4.8264,C
230,"a:(A&B),a:C",-> -> a:(A&B),4.8466,C
231,"a:(A&B),a:C",-> -> a:(A&B),4.8194,C
232,"a:(A&B),a:C",-> -> a:(A&B),4.8504,C
233,"a:(A&B),a:C",-> -> a:(A&B),4.8481,C
234,"a:(A&B),a:C",-> -> a:(A&B),4.8234,C
235,"a:(A&B),a:C",-> -> a:(A&B),4.8515,C
236,"a:(A&B),a:C",-> -> a:(A&B),4.8277,C
237,"a:(A&B),a:C",-> -> a:(A&B),4.8513,C
238,"a:(A&B),a:C",-> -> a:(A&B),4.848,C
239,"a:(A&B),a:C",-> -> a:(A&B),4.8221,C
240,"a:(A&B),a:C",-> -> a:(A&B),4.8481,C
241,"a:(A&B),a:C",-> -> a:(A&B),4.8469,C
242,"a:(A&B),a:C",-> -> a:(A&B),4.8479,C
243,"a:(A&B),a:C",-> -> a:(A&B),4.8462,C
244,"a:(A&B),a:C",-> -> a:(A&B),4.8274,C
245,"a:(A&B),a:C",-> -> a:(A&B),4.8215,C
246,"a:(A&B),a:C",-> -> a:(A&B),4.8238,C
247,"a:(A&B),a:C",-> -> a:(A&B),4.8502,C
248,"a:(A&B),a:C",-> -> a:(A&B),4.8226,C
249,"a:(A&B),a:C",-> -> a:(A&B),4.8486,C
250,"a:(A&B),a:C",-> -> a:(A&B),4.8217,C
251,"a:(A&B),a:C",-> -> a:(A&B),4.8492,C
252,"a:(A&B),a:C",-> -> a:(A&B),4.8499,C
253,"a:(A&B),a:C",-> -> a:(A&B),4.8228,C
254,"a:(A&B),a:C",-> -> a:(A&B),4.8483,C
255,"a:(A&B),a:C",-> -> a:(A&B),4.8231,C
256,"a:(A&B),a:C",-> -> a:(A&B),4.8477,C
257,"a:(A&B),a:C",-> -> a:(A&B),4.8475,C
258,"a:(A&B),a:C",-> -> a:(A&B),4.8253,C
259,"a:(A&B),a:C",-> -> a:(A&B),4.8239,C
260,"a:(A&B),a:C",-> -> a:(A&B),4.8227,C
261,"a:(A&B),a:C",-> -> a:(A&B),4.8237,C
262,"a:(A&B),a:C",-> -> a:(A&B),4.8469,C
263,"a:(A&B),a:C",-> -> a:(A&B),4.828,C
264,"a:(A&B),a:C",-> -> a:(A&B),4.8221,C
265,"a:(A&B),a:C",-> -> a:(A&B),4.8254,C
266,"a:(A&B),a:C",-> -> a:(A&B),4.8275,C
267,"a:(A&B),a:C",-> -> a:(A&B),4.851,C
268,"a:(A&B),a:C",-> -> a:(A&B),4.8233,C
269,"a:(A&B),a:C",-> -> a:(A&B),4.8233,C
270,"a:(A&B),a:C",-> -> a:(A&B),4.825,C
271,"a:(A&B),a:C",-> -> a:(A&B),4.851,C
272,"a:(A&B),a:C",-> -> a:(A&B),4.8449,C
273,"a:(A&B),a:C",-> -> a:(A&B),4.8494,C
274,"a:(A&B),a:C",-> -> a:(A&B),4.8486,C
275,"a:(A&B),a:C",-> -> a:(A&B),4.825,C
276,"a:(A&B),a:C",-> -> a:(A&B),4.8242,C
277,"a:(A&B),a:C",-> -> a:(A&B),4.826,C
278,"a:(A&B),a:C",-> -> a:(A&B),4.8553,C
279,"a:(A&B),a:C",-> -> a:(A&B),4.8227,C
280,"a:(A&B),a:C",-> -> a:(A&B),4.8492,C
281,"a:(A&B),a:C",-> -> a:(A&B),4.8204,C
282,"a:(A&B),a:C",-> -> a:(A&B),4.8232,C
283,"a:(A&B),a:C",-> -> a:(A&B),4.8502,C
284,"a:(A&B),a:C",-> -> a:(A&B),4.8242,C
285,"a:(A&B),a:C",-> -> a:(A&B),4.848,C
286,"a:(A&B),a:C",-> -> a:(A&B),4.8495,C
287,"a:(A&B),a:C",-> -> a:(A&B),4.822,C
288,"a:(A&B),a:C",-> -> a:(A&B),4.8231,C
289,"a:(A&B),a:C",-> -> a:(A&B),4.825,C
290,"a:(A&B),a:C",-> -> a:(A&B),4.8238,C
291,"a:(A&B),a:C",-> -> a:(A&B),4.8246,C
292,"a:(A&B),a:C",-> -> a:(A&B),4.8247,C
293,"a:(A&B),a:C",-> -> a:(A&B),4.8474,C
294,"a:(A&B),a:C",-> -> a:(A&B),4.8224,C
295,"a:(A&B),a:C",-> -> a:(A&B),4.8488,C
296,"a:(A&B),a:C",-> -> a:(A&B),4.8478,C
297,"a:(A&B),a:C",-> -> a:(A&B),4.8479,C
298,"a:(A&B),a:C",-> -> a:(A&B),4.8492,C
299,"a:(A&B),a:C",-> -> a:(A&B),4.8504,C
300,"a:C,a:(A&B)",-> -> a:(A&B),4.8473,C
301,"a:C,a:(A&B)",-> -> a:(A&B),4.8249,C
302,"a:C,a:(A&B)",-> -> a:(A&B),4.8205,C
303,"a:C,a:(A&B)",-> -> a:(A&B),4.8273,C
304,"a:C,a:(A&B)",-> -> a:(A&B),4.8229,C
305,"a:C,a:(A&B)",-> -> a:(A&B),4.8264,C
306,"a:C,a:(A&B)",-> -> a:(A&B),4.8257,C
307,"a:C,a:(A&B)",-> -> a:(A&B),4.8495,C
308,"a:C,a:(A&B)",-> -> a:(A&B),4.8203,C
309,"a:C,a:(A&B)",-> -> a:(A&B),4.8481,C
310,"a:C,a:(A&B)",-> -> a:(A&B),4.8235,C
311,"a:C,a:(A&B)",-> -> a:(A&B),4.821,C
312,"a:C,a:(A&B)",-> -> a:(A&B),4.8499,C
313,"a:C,a:(A&B)",-> -> a:(A&B),4.825,C
314,"a:C,a:(A&B)",-> -> a:(A&B),4.8491,C
315,"a:C,a:(A&B)",-> -> a:(A&B),4.8457,C
316,"a:C,a:(A&B)",-> -> a:(A&B),4.8226,C
317,"a:C,a:(A&B)",-> -> a:(A&B),4.8285,C
318,"a:C,a:(A&B)",-> -> a:(A&B),4.8212,C
319,"a:C,a:(A&B)",-> -> a:(A&B),4.8467,C
320,"a:C,a:(A&B)",-> -> a:(A&B),4.8225,C
321,"a:C,a:(A&B)",-> -> a:(A&B),4.8515,C
322,"a:C,a:(A&B)",-> -> a:(A&B),4.8222,C
323,"a:C,a:(A&B)",-> -> a:(A&B),4.845,C
324,"a:C,a:(A&B)",-> -> a:(A&B),4.8228,C
325,"a:C,a:(A&B)",-> -> a:(A&B),4.8484,C
326,"a:C,a:(A&B)",-> -> a:(A&B),4.8439,C
327,"a:C,a:(A&B)",-> -> a:(A&B),4.8239,C
328,"a:C,a:(A&B)",-> -> a:(A&B),4.8229,C
329,"a:C,a:(A&B)",-> -> a:(A&B),4.8249,C
330,"a:C,a:(A&B)",-> -> a:(A&B),4.8481,C
331,"a:C,a:(A&B)",-> -> a:(A&B),4.8243,C
332,"a:C,a:(A&B)",-> -> a:(A&B),4.8221,C
333,"a:C,a:(A&B)",-> -> a:(A&B),4.849,C
334,"a:C,a:(A&B)",-> -> a:(A&B),4.8475,C
335,"a:C,a:(A&B)",-> -> a:(A&B),4.8435,C
336,"a:C,a:(A&B)",-> -> a:(A&B),4.8525,C
337,"a:C,a:(A&B)",-> -> a:(A&B),4.8212,C
338,"a:C,a:(A&B)",-> -> a:(A&B),4.8203,C
339,"a:C,a:(A&B)",-> -> a:(A&B),4.8274,C
340,"a:C,a:(A&B)",-> -> a:(A&B),4.8468,C
341,"a:C,a:(A&B)",-> -> a:(A&B),4.8472,C
342,"a:C,a:(A&B)",-> -> a:(A&B),4.8461,C
343,"a:C,a:(A&B)",-> -> a:(A&B),4.8479,C
344,"a:C,a:(A&B)",-> -> a:(A&B),4.8484,C
345,"a:C,a:(A&B)",-> -> a:(A&B),4.8281,C
346,"a:C,a:(A&B)",-> -> a:(A&B),4.8236,C
347,"a:C,a:(A&B)",-> -> a:(A&B),4.826,C
348,"a:C,a:(A&B)",-> -> a:(A&B),4.8521,C
349,"a:C,a:(A&B)",-> -> a:(A&B),4.8464,C
350,"a:C,a:(A&B)",-> -> a:(A&B),4.8254,C
351,"a:C,a:(A&B)",-> -> a:(A&B),4.823,C
352,"a:C,a:(A&B)",-> -> a:(A&B),4.8216,C
353,"a:C,a:(A&B)",-> -> a:(A&B),4.824,C
354,"a:C,a:(A&B)",-> -> a:(A&B),4.8227,C
355,"a:C,a:(A&B)",-> -> a:(A&B),4.8542,C
356,"a:C,a:(A&B)",-> -> a:(A&B),4.8242,C
357,"a:C,a:(A&B)",-> -> a:(A&B),4.8272,C
358,"a:C,a:(A&B)",-> -> a:(A&B),4.8502,C
359,"a:C,a:(A&B)",-> -> a:(A&B),4.8472,C
360,"a:C,a:(A&B)",-> -> a:(A&B),4.8222,C
361,"a:C,a:(A&B)",-> -> a:(A&B),4.8217,C
362,"a:C,a:(A&B)",-> -> a:(A&B),4.8217,C
363,"a:C,a:(A&B)",-> -> a:(A&B),4.8519,C
364,"a:C,a:(A&B)",-> -> a:(A&B),4.8267,C
365,"a:C,a:(A&B)",-> -> a:(A&B),4.8198,C
366,"a:C,a:(A&B)",-> -> a:(A&B),4.8487,C
367,"a:C,a:(A&B)",-> -> a:(A&B),4.8248,C
368,"a:C,a:(A&B)",-> -> a:(A&B),4.8211,C
369,"a:C,a:(A&B)",-> -> a:(A&B),4.8192,C
370,"a:C,a:(A&B)",-> -> a:(A&B),4.8423,C
371,"a:C,a:(A&B)",-> -> a:(A&B),4.8185,C
372,"a:C,a:(A&B)",-> -> a:(A&B),4.8477,C
373,"a:C,a:(A&B)",-> -> a:(A&B),4.8286,C
374,"a:C,a:(A&B)",-> -> a:(A&B),4.827,C
375,"a:C,a:(A&B)",-> -> a:(A&B),4.8439,C
376,"a:C,a:(A&B)",-> -> a:(A&B),4.8491,C
377,"a:C,a:(A&B)",-> -> a:(A&B),4.8492,C
378,"a:C,a:(A&B)",-> -> a:(A&B),4.8212,C
379,"a:C,a:(A&B)",-> -> a:(A&B),4.8511,C
380,"a:C,a:(A&B)",-> -> a:(A&B),4.8244,C
381,"a:C,a:(A&B)",-> -> a:(A&B),4.824,C
382,"a:C,a:(A&B)",-> -> a:(A&B),4.85,C
383,"a:C,a:(A&B)",-> -> a:(A&B),4.8506,C
384,"a:C,a:(A&B)",-> -> a:(A&B),4.8302,C
385,"a:C,a:(A&B)",-> -> a:(A&B),4.8454,C
386,"a:C,a:(A&B)",-> -> a:(A&B),4.8211,C
387,"a:C,a:(A&B)",-> -> a:(A&B),4.8246,C
388,"a:C,a:(A&B)",-> -> a:(A&B),4.8489,C
389,"a:C,a:(A&B)",-> -> a:(A&B),4.8499,C
390,"a:C,a:(A&B)",-> -> a:(A&B),4.8244,C
391,"a:C,a:(A&B)",-> -> a:(A&B),4.8538,C
392,"a:C,a:(A&B)",-> -> a:(A&B),4.8239,C
393,"a:C,a:(A&B)",-> -> a:(A&B),4.8252,C
394,"a:C,a:(A&B)",-> -> a:(A&B),4.8437,C
395,"a:C,a:(A&B)",-> -> a:(A&B),4.8452,C
396,"a:C,a:(A&B)",-> -> a:(A&B),4.8273,C
397,"a:C,a:(A&B)",-> -> a:(A&B),4.8461,C
398,"a:C,a:(A&B)",-> -> a:(A&B),4.8275,C
399,"a:C,a:(A&B)",-> -> a:(A&B),4.8241,C
400,"a:C,a:(A&B)",-> -> a:(A&B),4.8444,C
401,"a:C,a:(A&B)",-> -> a:(A&B),4.8257,C
402,"a:C,a:(A&B)",-> -> a:(A&B),4.8456,C
403,"a:C,a:(A&B)",-> -> a:(A&B),4.8251,C
404,"a:C,a:(A&B)",-> -> a:(A&B),4.8264,C
405,"a:C,a:(A&B)",-> -> a:(A&B),4.8483,C
406,"a:C,a:(A&B)",-> -> a:(A&B),4.8456,C
407,"a:C,a:(A&B)",-> -> a:(A&B),4.8478,C
408,"a:C,a:(A&B)",-> -> a:(A&B),4.8539,C
409,"a:C,a:(A&B)",-> -> a:(A&B),4.8454,C
410,"a:C,a:(A&B)",-> -> a:(A&B),4.8482,C
411,"a:C,a:(A&B)",-> -> a:(A&B),4.851,C
412,"a:C,a:(A&B)",-> -> a:(A&B),4.8222,C
413,"a:C,a:(A&B)",-> -> a:(A&B),4.8231,C
414,"a:C,a:(A&B)",-> -> a:(A&B),4.8268,C
415,"a:C,a:(A&B)",-> -> a:(A&B),4.8277,C
416,"a:C,a:(A&B)",-> -> a:(A&B),4.8496,C
417,"a:C,a:(A&B)",-> -> a:(A&B),4.8482,C
418,"a:C,a:(A&B)",-> -> a:(A&B),4.8228,C
419,"a:C,a:(A&B)",-> -> a:(A&B),4.8465,C
420,"a:C,a:(A&B)",-> -> a:(A&B),4.8229,C
421,"a:C,a:(A&B)",-> -> a:(A&B),4.8248,C
422,"a:C,a:(A&B)",-> -> a:(A&B),4.8508,C
423,"a:C,a:(A&B)",-> -> a:(A&B),4.8217,C
424,"a:C,a:(A&B)",-> -> a:(A&B),4.8211,C
425,"a:C,a:(A&B)",-> -> a:(A&B),4.8466,C
426,"a:C,a:(A&B)",-> -> a:(A&B),4.8257,C
427,"a:C,a:(A&B)",-> -> a:(A&B),4.824,C
428,"a:C,a:(A&B)",-> -> a:(A&B),4.8252,C
429,"a:C,a:(A&B)",-> -> a:(A&B),4.8471,C
430,"a:C,a:(A&B)",-> -> a:(A&B),4.8496,C
431,"a:C,a:(A&B)",-> -> a:(A&B),4.8575,C
432,"a:C,a:(A&B)",-> -> a:(A&B),4.8231,C
433,"a:C,a:(A&B)",-> -> a:(A&B),4.822,C
434,"a:C,a:(A&B)",-> -> a:(A&B),4.8242,C
435,"a:C,a:(A&B)",-> -> a:(A&B),4.8258,C
436,"a:C,a:(A&B)",-> -> a:(A&B),4.8222,C
437,"a:C,a:(A&B)",-> -> a:(A&B),4.8489,C
438,"a:C,a:(A&B)",-> -> a:(A&B),4.8529,C
439,"a:C,a:(A&B)",-> -> a:(A&B),4.8456,C
440,"a:C,a:(A&B)",-> -> a:(A&B),4.8526,C
441,"a:C,a:(A&B)",-> -> a:(A&B),4.8473,C
442,"a:C,a:(A&B)",-> -> a:(A&B),4.8477,C
443,"a:C,a:(A&B)",-> -> a:(A&B),4.8479,C
444,"a:C,a:(A&B)",-> -> a:(A&B),4.8231,C
445,"a:C,a:(A&B)",-> -> a:(A&B),4.8474,C
446,"a:C,a:(A&B)",-> -> a:(A&B),4.8241,C
447,"a:C,a:(A&B)",-> -> a:(A&B),4.8237,C
448,"a:C,a:(A&B)",-> -> a:(A&B),4.8227,C
449,"a:C,a:(A&B)",-> -> a:(A&B),4.8492,C
450,"a:C,a:(A&B)",-> -> a:(A&B),4.8231,C
451,"a:C,a:(A&B)",-> -> a:(A&B),4.8254,C
452,"a:C,a:(A&B)",-> -> a:(A&B),4.8491,C
453,"a:C,a:(A&B)",-> -> a:(A&B),4.8491,C
454,"a:C,a:(A&B)",-> -> a:(A&B),4.8495,C
455,"a:C,a:(A&B)",-> -> a:(A&B),4.8486,C
456,"a:C,a:(A&B)",-> -> a:(A&B),4.8486,C
457,"a:C,a:(A&B)",-> -> a:(A&B),4.8232,C
458,"a:C,a:(A&B)",-> -> a:(A&B),4.8242,C
459,"a:C,a:(A&B)",-> -> a:(A&B),4.8225,C
460,"a:C,a:(A&B)",-> -> a:(A&B),4.8276,C
461,"a:C,a:(A&B)",-> -> a:(A&B),4.8197,C
462,"a:C,a:(A&B)",-> -> a:(A&B),4.8496,C
463,"a:C,a:(A&B)",-> -> a:(A&B),4.823,C
464,"a:C,a:(A&B)",-> -> a:(A&B),4.8465,C
465,"a:C,a:(A&B)",-> -> a:(A&B),4.8502,C
466,"a:C,a:(A&B)",-> -> a:(A&B),4.8496,C
467,"a:C,a:(A&B)",-> -> a:(A&B),4.85,C
468,"a:C,a:(A&B)",-> -> a:(A&B),4.8469,C
469,"a:C,a:(A&B)",-> -> a:(A&B),4.845,C
470,"a:C,a:(A&B)",-> -> a:(A&B),4.8212,C
471,"a:C,a:(A&B)",-> -> a:(A&B),4.8525,C
472,"a:C,a:(A&B)",-> -> a:(A&B),4.8252,C
473,"a:C,a:(A&B)",-> -> a:(A&B),4.8241,C
474,"a:C,a:(A&B)",-> -> a:(A&B),4.8253,C
475,"a:C,a:(A&B)",-> -> a:(A&B),4.8269,C
476,"a:C,a:(A&B)",-> -> a:(A&B),4.8514,C
477,"a:C,a:(A&B)",-> -> a:(A&B),4.847,C
478,"a:C,a:(A&B)",-> -> a:(A&B),4.8258,C
479,"a:C,a:(A&B)",-> -> a:(A&B),4.8498,C
480,"a:C,a:(A&B)",-> -> a:(A&B),4.8472,C
481,"a:C,a:(A&B)",-> -> a:(A&B),4.8225,C
482,"a:C,a:(A&B)",-> -> a:(A&B),4.8221,C
483,"a:C,a:(A&B)",-> -> a:(A&B),4.8449,C
484,"a:C,a:(A&B)",-> -> a:(A&B),4.824,C
485,"a:C,a:(A&B)",-> -> a:(A&B),4.8221,C
486,"a:C,a:(A&B)",-> -> a:(A&B),4.8224,C
487,"a:C,a:(A&B)",-> -> a:(A&B),4.8479,C
488,"a:C,a:(A&B)",-> -> a:(A&B),4.8522,C
489,"a:C,a:(A&B)",-> -> a:(A&B),4.8471,C
490,"a:C,a:(A&B)",-> -> a:(A&B),4.8212,C
491,"a:C,a:(A&B)",-> -> a:(A&B),4.8492,C
492,"a:C,a:(A&B)",-> -> a:(A&B),4.8225,C
493,"a:C,a:(A&B)",-> -> a:(A&B),4.8214,C
494,"a:C,a:(A&B)",-> -> a:(A&B),4.8211,C
495,"a:C,a:(A&B)",-> -> a:(A&B),4.8251,C
496,"a:C,a:(A&B)",-> -> a:(A&B),4.8487,C
497,"a:C,a:(A&B)",-> -> a:(A&B),4.8248,C
498,"a:C,a:(A&B)",-> -> a:(A&B),4.8249,C
499,"a:C,a:(A&B)",-> -> a:(A&B),4.8506,C
500,"a:C,a:(A&B)",-> -> a:(A&B),4.8453,C
501,"a:C,a:(A&B)",-> -> a:(A&B),4.8209,C
502,"a:C,a:(A&B)",-> -> a:(A&B),4.8209,C
503,"a:C,a:(A&B)",-> -> a:(A&B),4.8495,C
504,"a:C,a:(A&B)",-> -> a:(A&B),4.825,C
505,"a:C,a:(A&B)",-> -> a:(A&B),4.8492,C
506,"a:C,a:(A&B)",-> -> a:(A&B),4.8452,C
507,"a:C,a:(A&B)",-> -> a:(A&B),4.8225,C
508,"a:C,a:(A&B)",-> -> a:(A&B),4.8181,C
509,"a:C,a:(A&B)",-> -> a:(A&B),4.848,C
510,"a:C,a:(A&B)",-> -> a:(A&B),4.8418,C
511,"a:C,a:(A&B)",-> -> a:(A&B),4.8565,C
512,"a:C,a:(A&B)",-> -> a:(A&B),4.8245,C
513,"a:C,a:(A&B)",-> -> a:(A&B),4.8503,C
514,"a:C,a:(A&B)",-> -> a:(A&B),4.8239,C
515,"a:C,a:(A&B)",-> -> a:(A&B),4.8482,C
516,"a:C,a:(A&B)",-> -> a:(A&B),4.8215,C
517,"a:C,a:(A&B)",-> -> a:(A&B),4.8499,C
518,"a:C,a:(A&B)",-> -> a:(A&B),4.8488,C
519,"a:C,a:(A&B)",-> -> a:(A&B),4.823,C
520,"a:C,a:(A&B)",-> -> a:(A&B),4.823,C
521,"a:C,a:(A&B)",-> -> a:(A&B),4.8474,C
522,"a:C,a:(A&B)",-> -> a:(A&B),4.8462,C
523,"a:C,a:(A&B)",-> -> a:(A&B),4.8242,C
524,"a:C,a:(A&B)",-> -> a:(A&B),4.8484,C
525,"a:C,a:(A&B)",-> -> a:(A&B),4.8215,C
526,"a:C,a:(A&B)",-> -> a:(A&B),4.8434,C
527,"a:C,a:(A&B)",-> -> a:(A&B),4.8228,C
528,"a:C,a:(A&B)",-> -> a:(A&B),4.8257,C
529,"a:C,a:(A&B)",-> -> a:(A&B),4.8216,C
530,"a:C,a:(A&B)",-> -> a:(A&B),4.8253,C
531,"a:C,a:(A&B)",-> -> a:(A&B),4.8508,C
532,"a:C,a:(A&B)",-> -> a:(A&B),4.8459,C
533,"a:C,a:(A&B)",-> -> a:(A&B),4.8226,C
534,"a:C,a:(A&B)",-> -> a:(A&B),4.8251,C
535,"a:C,a:(A&B)",-> -> a:(A&B),4.8475,C
536,"a:C,a:(A&B)",-> -> a:(A&B),4.8231,C
537,"a:C,a:(A&B)",-> -> a:(A&B),4.8235,C
538,"a:C,a:(A&B)",-> -> a:(A&B),4.8239,C
539,"a:C,a:(A&B)",-> -> a:(A&B),4.8466,C
540,"a:C,a:(A&B)",-> -> a:(A&B),4.8214,C
541,"a:C,a:(A&B)",-> -> a:(A&B),4.8507,C
542,"a:C,a:(A&B)",-> -> a:(A&B),4.8244,C
543,"a:C,a:(A&B)",-> -> a:(A&B),4.8206,C
544,"a:C,a:(A&B)",-> -> a:(A&B),4.8209,C
545,"a:C,a:(A&B)",-> -> a:(A&B),4.8254,C
546,"a:C,a:(A&B)",-> -> a:(A&B),4.8205,C
547,"a:C,a:(A&B)",-> -> a:(A&B),4.8484,C
548,"a:C,a:(A&B)",-> -> a:(A&B),4.8468,C
549,"a:C,a:(A&B)",-> -> a:(A&B),4.8502,C
550,"a:C,a:(A&B)",-> -> a:(A&B),4.8228,C
551,"a:C,a:(A&B)",-> -> a:(A&B),4.8473,C
552,"a:C,a:(A&B)",-> -> a:(A&B),4.8473,C
553,"a:C,a:(A&B)",-> -> a:(A&B),4.8267,C
554,"a:C,a:(A&B)",-> -> a:(A&B),4.8241,C
555,"a:C,a:(A&B)",-> -> a:(A&B),4.8187,C
556,"a:C,a:(A&B)",-> -> a:(A&B),4.8436,C
557,"a:C,a:(A&B)",-> -> a:(A&B),4.8504,C
558,"a:C,a:(A&B)",-> -> a:(A&B),4.8483,C
559,"a:C,a:(A&B)",-> -> a:(A&B),4.8252,C
560,"a:C,a:(A&B)",-> -> a:(A&B),4.8236,C
561,"a:C,a:(A&B)",-> -> a:(A&B),4.8566,C
562,"a:C,a:(A&B)",-> -> a:(A&B),4.8481,C
563,"a:C,a:(A&B)",-> -> a:(A&B),4.851,C
564,"a:C,a:(A&B)",-> -> a:(A&B),4.8241,C
565,"a:C,a:(A&B)",-> -> a:(A&B),4.849,C
566,"a:C,a:(A&B)",-> -> a:(A&B),4.8228,C
567,"a:C,a:(A&B)",-> -> a:(A&B),4.8246,C
568,"a:C,a:(A&B)",-> -> a:(A&B),4.821,C
569,"a:C,a:(A&B)",-> -> a:(A&B),4.8487,C
570,"a:C,a:(A&B)",-> -> a:(A&B),4.8264,C
571,"a:C,a:(A&B)",-> -> a:(A&B),4.85,C
572,"a:C,a:(A&B)",-> -> a:(A&B),4.8254,C
573,"a:C,a:(A&B)",-> -> a:(A&B),4.8491,C
574,"a:C,a:(A&B)",-> -> a:(A&B),4.8445,C
575,"a:C,a:(A&B)",-> -> a:(A&B),4.8249,C
576,"a:C,a:(A&B)",-> -> a:(A&B),4.8447,C
577,"a:C,a:(A&B)",-> -> a:(A&B),4.8256,C
578,"a:C,a:(A&B)",-> -> a:(A&B),4.8453,C
579,"a:C,a:(A&B)",-> -> a:(A&B),4.8459,C
580,"a:C,a:(A&B)",-> -> a:(A&B),4.8474,C
581,"a:C,a:(A&B)",-> -> a:(A&B),4.8488,C
582,"a:C,a:(A&B)",-> -> a:(A&B),4.8249,C
583,"a:C,a:(A&B)",-> -> a:(A&B),4.8451,C
584,"a:C,a:(A&B)",-> -> a:(A&B),4.8474,C
585,"a:C,a:(A&B)",-> -> a:(A&B),4.8208,C
586,"a:C,a:(A&B)",-> -> a:(A&B),4.8493,C
587,"a:C,a:(A&B)",-> -> a:(A&B),4.8235,C
588,"a:C,a:(A&B)",-> -> a:(A&B),4.8468,C
589,"a:C,a:(A&B)",-> -> a:(A&B),4.8457,C
590,"a:C,a:(A&B)",-> -> a:(A&B),4.8438,C
591,"a:C,a:(A&B)",-> -> a:(A&B),4.8478,C
592,"a:C,a:(A&B)",-> -> a:(A&B),4.8497,C
593,"a:C,a:(A&B)",-> -> a:(A&B),4.8202,C
594,"a:C,a:(A&B)",-> -> a:(A&B),4.8207,C
595,"a:C,a:(A&B)",-> -> a:(A&B),4.8251,C
596,"a:C,a:(A&B)",-> -> a:(A&B),4.85,C
597,"a:C,a:(A&B)",-> -> a:(A&B),4.8462,C
598,"a:C,a:(A&B)",-> -> a:(A&B),4.822,C
599,"a:C,a:(A&B)",-> -> a:(A&B),4.8478,C
600,"a:(A&B),a:-A",-> -> a:(A&B),2.128,I
601,"a:(A&B),a:-A",-> -> a:(A&B),2.1265,I
602,"a:(A&B),a:-A",-> -> a:(A&B),2.4779,I
603,"a:(A&B),a:-A",-> -> a:(A&B),2.4835,I
604,"a:(A&B),a:-A",-> -> a:(A&B),2.1236,I
605,"a:(A&B),a:-A",-> -> a:(A&B),2.4774,I
606,"a:(A&B),a:-A",-> -> a:(A&B),2.1256,I
607,"a:(A&B),a:-A",-> -> a:(A&B),2.4782,I
608,"a:(A&B),a:-A",-> -> a:(A&B),2.1258,I
609,"a:(A&B),a:-A",-> -> a:(A&B),2.1275,I
610,"a:(A&B),a:-A",-> -> a:(A&B),2.125,I
611,"a:(A&B),a:-A",-> -> a:(A&B),2.4809,I
612,"a:(A&B),a:-A",-> -> a:(A&B),2.481,I
613,"a:(A&B),a:-A",-> -> a:(A&B),2.4095,I
614,"a:(A&B),a:-A",-> -> a:(A&B),2.4787,I
615,"a:(A&B),a:-A",-> -> a:(A&B),2.1261,I
616,"a:(A&B),a:-A",-> -> a:(A&B),2.1234,I
617,"a:(A&B),a:-A",-> -> a:(A&B),2.1287,I
618,"a:(A&B),a:-A",-> -> a:(A&B),2.4124,I
619,"a:(A&B),a:-A",-> -> a:(A&B),2.126,I
620,"a:(A&B),a:-A",-> -> a:(A&B),2.1254,I
621,"a:(A&B),a:-A",-> -> a:(A&B),2.412,I
622,"a:(A&B),a:-A",-> -> a:(A&B),2.414,I
623,"a:(A&B),a:-A",-> -> a:(A&B),2.4155,I
624,"a:(A&B),a:-A",-> -> a:(A&B),2.4809,I
625,"a:(A&B),a:-A",-> -> a:(A&B),2.4142,I
626,"a:(A&B),a:-A",-> -> a:(A&B),2.1223,I
627,"a:(A&B),a:-A",-> -> a:(A&B),2.1244,I
628,"a:(A&B),a:-A",-> -> a:(A&B),2.1271,I
629,"a:(A&B),a:-A",-> -> a:(A&B),2.4823,I
630,"a:(A&B),a:-A",-> -> a:(A&B),2.1251,I
631,"a:(A&B),a:-A",-> -> a:(A&B),2.4169,I
632,"a:(A&B),a:-A",-> -> a:(A&B),2.1251,I
633,"a:(A&B),a:-A",-> -> a:(A&B),2.4793,I
634,"a:(A&B),a:-A",-> -> a:(A&B),2.1263,I
635,"a:(A&B),a:-A",-> -> a:(A&B),2.1245,I
636,"a:(A&B),a:-A",-> -> a:(A&B),2.4124,I
637,"a:(A&B),a:-A",-> -> a:(A&B),2.1267,I
638,"a:(A&B),a:-A",-> -> a:(A&B),2.1261,I
639,"a:(A&B),a:-A",-> -> a:(A&B),2.1264,I
640,"a:(A&B),a:-A",-> -> a:(A&B),2.126,I
641,"a:(A&B),a:-A",-> -> a:(A&B),2.1259,I
642,"a:(A&B),a:-A",-> -> a:(A&B),2.1279,I
643,"a:(A&B),a:-A",-> -> a:(A&B),2.1266,I
644,"a:(A&B),a:-A",-> -> a:(A&B),2.4124,I
645,"a:(A&B),a:-A",-> -> a:(A&B),2.4787,I
646,"a:(A&B),a:-A",-> -> a:(A&B),2.4795,I
647,"a:(A&B),a:-A",-> -> a:(A&B),2.1265,I
648,"a:(A&B),a:-A",-> -> a:(A&B),2.123,I
649,"a:(A&B),a:-A",-> -> a:(A&B),2.4782,I
650,"a:(A&B),a:-A",-> -> a:(A&B),2.4123,I
651,"a:(A&B),a:-A",-> -> a:(A&B),2.4812,I
652,"a:(A&B),a:-A",-> -> a:(A&B),2.4834,I
653,"a:(A&B),a:-A",-> -> a:(A&B),2.4806,I
654,"a:(A&B),a:-A",-> -> a:(A&B),2.4759,I
655,"a:(A&B),a:-A",-> -> a:(A&B),2.4807,I
656,"a:(A&B),a:-A",-> -> a:(A&B),2.4128,I
657,"a:(A&B),a:-A",-> -> a:(A&B),2.1254,I
658,"a:(A&B),a:-A",-> -> a:(A&B),2.4803,I
659,"a:(A&B),a:-A",-> -> a:(A&B),2.1247,I
660,"a:(A&B),a:-A",-> -> a:(A&B),2.1234,I
661,"a:(A&B),a:-A",-> -> a:(A&B),2.127,I
662,"a:(A&B),a:-A",-> -> a:(A&B),2.4141,I
663,"a:(A&B),a:-A",-> -> a:(A&B),2.4823,I
664,"a:(A&B),a:-A",-> -> a:(A&B),2.4817,I
665,"a:(A&B),a:-A",-> -> a:(A&B),2.1249,I
666,"a:(A&B),a:-A",-> -> a:(A&B),2.4779,I
667,"a:(A&B),a:-A",-> -> a:(A&B),2.4827,I
668,"a:(A&B),a:-A",-> -> a:(A&B),2.4786,I
669,"a:(A&B),a:-A",-> -> a:(A&B),2.4828,I
670,"a:(A&B),a:-A",-> -> a:(A&B),2.124,I
671,"a:(A&B),a:-A",-> -> a:(A&B),2.4138,I
672,"a:(A&B),a:-A",-> -> a:(A&B),2.1259,I
673,"a:(A&B),a:-A",-> -> a:(A&B),2.1229,I
674,"a:(A&B),a:-A",-> -> a:(A&B),2.4788,I
675,"a:(A&B),a:-A",-> -> a:(A&B),2.1245,I
676,"a:(A&B),a:-A",-> -> a:(A&B),2.4809,I
677,"a:(A&B),a:-A",-> -> a:(A&B),2.1291,I
678,"a:(A&B),a:-A",-> -> a:(A&B),2.4137,I
679,"a:(A&B),a:-A",-> -> a:(A&B),2.1252,I
680,"a:(A&B),a:-A",-> -> a:(A&B),2.1245,I
681,"a:(A&B),a:-A",-> -> a:(A&B),2.4773,I
682,"a:(A&B),a:-A",-> -> a:(A&B),2.4782,I
683,"a:(A&B),a:-A",-> -> a:(A&B),2.124,I
684,"a:(A&B),a:-A",-> -> a:(A&B),2.4134,I
685,"a:(A&B),a:-A",-> -> a:(A&B),2.4802,I
686,"a:(A&B),a:-A",-> -> a:(A&B),2.1262,I
687,"a:(A&B),a:-A",-> -> a:(A&B),2.1247,I
688,"a:(A&B),a:-A",-> -> a:(A&B),2.1266,I
689,"a:(A&B),a:-A",-> -> a:(A&B),2.128,I
690,"a:(A&B),a:-A",-> -> a:(A&B),2.1273,I
691,"a:(A&B),a:-A",-> -> a:(A&B),2.4762,I
692,"a:(A&B),a:-A",-> -> a:(A&B),2.4143,I
693,"a:(A&B),a:-A",-> -> a:(A&B),2.4798,I
694,"a:(A&B),a:-A",-> -> a:(A&B),2.1248,I
695,"a:(A&B),a:-A",-> -> a:(A&B),2.4807,I
696,"a:(A&B),a:-A",-> -> a:(A&B),2.4801,I
697,"a:(A&B),a:-A",-> -> a:(A&B),2.1248,I
698,"a:(A&B),a:-A",-> -> a:(A&B),2.4124,I
699,"a:(A&B),a:-A",-> -> a:(A&B),2.4783,I
700,"a:(A&B),a:-A",-> -> a:(A&B),2.4817,I
701,"a:(A&B),a:-A",-> -> a:(A&B),2.1231,I
702,"a:(A&B),a:-A",-> -> a:(A&B),2.4766,I
703,"a:(A&B),a:-A",-> -> a:(A&B),2.4183,I
704,"a:(A&B),a:-A",-> -> a:(A&B),2.4792,I
705,"a:(A&B),a:-A",-> -> a:(A&B),2.1242,I
706,"a:(A&B),a:-A",-> -> a:(A&B),2.4774,I
707,"a:(A&B),a:-A",-> -> a:(A&B),2.1252,I
708,"a:(A&B),a:-A",-> -> a:(A&B),2.4142,I
709,"a:(A&B),a:-A",-> -> a:(A&B),2.1224,I
710,"a:(A&B),a:-A",-> -> a:(A&B),2.4123,I
711,"a:(A&B),a:-A",-> -> a:(A&B),2.415,I
712,"a:(A&B),a:-A",-> -> a:(A&B),2.4762,I
713,"a:(A&B),a:-A",-> -> a:(A&B),2.4779,I
714,"a:(A&B),a:-A",-> -> a:(A&B),2.417,I
715,"a:(A&B),a:-A",-> -> a:(A&B),2.124,I
716,"a:(A&B),a:-A",-> -> a:(A&B),2.4813,I
717,"a:(A&B),a:-A",-> -> a:(A&B),2.1262,I
718,"a:(A&B),a:-A",-> -> a:(A&B),2.1246,I
719,"a:(A&B),a:-A",-> -> a:(A&B),2.124,I
720,"a:(A&B),a:-A",-> -> a:(A&B),2.1232,I
721,"a:(A&B),a:-A",-> -> a:(A&B),2.4788,I
722,"a:(A&B),a:-A",-> -> a:(A&B),2.4799,I
723,"a:(A&B),a:-A",-> -> a:(A&B),2.4109,I
724,"a:(A&B),a:-A",-> -> a:(A&B),2.1225,I
725,"a:(A&B),a:-A",-> -> a:(A&B),2.4791,I
726,"a:(A&B),a:-A",-> -> a:(A&B),2.4135,I
727,"a:(A&B),a:-A",-> -> a:(A&B),2.4779,I
728,"a:(A&B),a:-A",-> -> a:(A&B),2.1256,I
729,"a:(A&B),a:-A",-> -> a:(A&B),2.4127,I
730,"a:(A&B),a:-A",-> -> a:(A&B),2.4117,I
731,"a:(A&B),a:-A",-> -> a:(A&B),2.4098,I
732,"a:(A&B),a:-A",-> -> a:(A&B),2.1271,I
733,"a:(A&B),a:-A",-> -> a:(A&B),2.1246,I
734,"a:(A&B),a:-A",-> -> a:(A&B),2.1247,I
735,"a:(A&B),a:-A",-> -> a:(A&B),2.4126,I
736,"a:(A&B),a:-A",-> -> a:(A&B),2.1232,I
737,"a:(A&B),a:-A",-> -> a:(A&B),2.4788,I
738,"a:(A&B),a:-A",-> -> a:(A&B),2.1249,I
739,"a:(A&B),a:-A",-> -> a:(A&B),2.4776,I
740,"a:(A&B),a:-A",-> -> a:(A&B),2.4112,I
741,"a:(A&B),a:-A",-> -> a:(A&B),2.1256,I
742,"a:(A&B),a:-A",-> -> a:(A&B),2.1258,I
743,"a:(A&B),a:-A",-> -> a:(A&B),2.1252,I
744,"a:(A&B),a:-A",-> -> a:(A&B),2.4116,I
745,"a:(A&B),a:-A",-> -> a:(A&B),2.4807,I
746,"a:(A&B),a:-A",-> -> a:(A&B),2.4817,I
747,"a:(A&B),a:-A",-> -> a:(A&B),2.1255,I
748,"a:(A&B),a:-A",-> -> a:(A&B),2.4806,I
749,"a:(A&B),a:-A",-> -> a:(A&B),2.4158,I
750,"a:(A&B),a:-A",-> -> a:(A&B),2.4139,I
751,"a:(A&B),a:-A",-> -> a:(A&B),2.1231,I
752,"a:(A&B),a:-A",-> -> a:(A&B),2.4138,I
753,"a:(A&B),a:-A",-> -> a:(A&B),2.4147,I
754,"a:(A&B),a:-A",-> -> a:(A&B),2.4122,I
755,"a:(A&B),a:-A",-> -> a:(A&B),2.1281,I
756,"a:(A&B),a:-A",-> -> a:(A&B),2.4763,I
757,"a:(A&B),a:-A",-> -> a:(A&B),2.1235,I
758,"a:(A&B),a:-A",-> -> a:(A&B),2.4795,I
759,"a:(A&B),a:-A",-> -> a:(A&B),2.1229,I
760,"a:(A&B),a:-A",-> -> a:(A&B),2.1287,I
761,"a:(A&B),a:-A",-> -> a:(A&B),2.4137,I
762,"a:(A&B),a:-A",-> -> a:(A&B),2.1273,I
763,"a:(A&B),a:-A",-> -> a:(A&B),2.1245,I
764,"a:(A&B),a:-A",-> -> a:(A&B),2.4775,I
765,"a:(A&B),a:-A",-> -> a:(A&B),2.4793,I
766,"a:(A&B),a:-A",-> -> a:(A&B),2.4126,I
767,"a:(A&B),a:-A",-> -> a:(A&B),2.1259,I
768,"a:(A&B),a:-A",-> -> a:(A&B),2.4803,I
769,"a:(A&B),a:-A",-> -> a:(A&B),2.4796,I
770,"a:(A&B),a:-A",-> -> a:(A&B),2.4806,I
771,"a:(A&B),a:-A",-> -> a:(A&B),2.4145,I
772,"a:(A&B),a:-A",-> -> a:(A&B),2.1272,I
773,"a:(A&B),a:-A",-> -> a:(A&B),2.4166,I
774,"a:(A&B),a:-A",-> -> a:(A&B),2.1222,I
775,"a:(A&B),a:-A",-> -> a:(A&B),2.4135,I
776,"a:(A&B),a:-A",-> -> a:(A&B),2.1256,I
777,"a:(A&B),a:-A",-> -> a:(A&B),2.4107,I
778,"a:(A&B),a:-A",-> -> a:(A&B),2.4794,I
779,"a:(A&B),a:-A",-> -> a:(A&B),2.1249,I
780,"a:(A&B),a:-A",-> -> a:(A&B),2.4125,I
781,"a:(A&B),a:-A",-> -> a:(A&B),2.4788,I
782,"a:(A&B),a:-A",-> -> a:(A&B),2.4129,I
783,"a:(A&B),a:-A",-> -> a:(A&B),2.4123,I
784,"a:(A&B),a:-A",-> -> a:(A&B),2.1284,I
785,"a:(A&B),a:-A",-> -> a:(A&B),2.1271,I
786,"a:(A&B),a:-A",-> -> a:(A&B),2.4789,I
787,"a:(A&B),a:-A",-> -> a:(A&B),2.416,I
788,"a:(A&B),a:-A",-> -> a:(A&B),2.1238,I
789,"a:(A&B),a:-A",-> -> a:(A&B),2.1246,I
790,"a:(A&B),a:-A",-> -> a:(A&B),2.1245,I
791,"a:(A&B),a:-A",-> -> a:(A&B),2.1268,I
792,"a:(A&B),a:-A",-> -> a:(A&B),2.4795,I
793,"a:(A&B),a:-A",-> -> a:(A&B),2.1289,I
794,"a:(A&B),a:-A",-> -> a:(A&B),2.1262,I
795,"a:(A&B),a:-A",-> -> a:(A&B),2.1253,I
796,"a:(A&B),a:-A",-> -> a:(A&B),2.413,I
797,"a:(A&B),a:-A",-> -> a:(A&B),2.1266,I
798,"a:(A&B),a:-A",-> -> a:(A&B),2.4118,I
799,"a:(A&B),a:-A",-> -> a:(A&B),2.4802,I
800,"a:(A&B),a:-A",-> -> a:(A&B),2.1261,I
801,"a:(A&B),a:-A",-> -> a:(A&B),2.4138,I
802,"a:(A&B),a:-A",-> -> a:(A&B),2.1244,I
803,"a:(A&B),a:-A",-> -> a:(A&B),2.4148,I
804,"a:(A&B),a:-A",-> -> a:(A&B),2.1214,I
805,"a:(A&B),a:-A",-> -> a:(A&B),2.4131,I
806,"a:(A&B),a:-A",-> -> a:(A&B),2.4134,I
807,"a:(A&B),a:-A",-> -> a:(A&B),2.1227,I
808,"a:(A&B),a:-A",-> -> a:(A&B),2.1241,I
809,"a:(A&B),a:-A",-> -> a:(A&B),2.4142,I
810,"a:(A&B),a:-A",-> -> a:(A&B),2.1233,I
811,"a:(A&B),a:-A",-> -> a:(A&B),2.482,I
812,"a:(A&B),a:-A",-> -> a:(A&B),2.48,I
813,"a:(A&B),a:-A",-> -> a:(A&B),2.4138,I
814,"a:(A&B),a:-A",-> -> a:(A&B),2.124,I
815,"a:(A&B),a:-A",-> -> a:(A&B),2.1247,I
816,"a:(A&B),a:-A",-> -> a:(A&B),2.4777,I
817,"a:(A&B),a:-A",-> -> a:(A&B),2.4809,I
818,"a:(A&B),a:-A",-> -> a:(A&B),2.1236,I
819,"a:(A&B),a:-A",-> -> a:(A&B),2.4855,I
820,"a:(A&B),a:-A",-> -> a:(A&B),2.1241,I
821,"a:(A&B),a:-A",-> -> a:(A&B),2.1239,I
822,"a:(A&B),a:-A",-> -> a:(A&B),2.1265,I
823,"a:(A&B),a:-A",-> -> a:(A&B),2.414,I
824,"a:(A&B),a:-A",-> -> a:(A&B),2.1256,I
825,"a:(A&B),a:-A",-> -> a:(A&B),2.4137,I
826,"a:(A&B),a:-A",-> -> a:(A&B),2.1246,I
827,"a:(A&B),a:-A",-> -> a:(A&B),2.1248,I
828,"a:(A&B),a:-A",-> -> a:(A&B),2.1252,I
829,"a:(A&B),a:-A",-> -> a:(A&B),2.4783,I
830,"a:(A&B),a:-A",-> -> a:(A&B),2.125,I
831,"a:(A&B),a:-A",-> -> a:(A&B),2.1244,I
832,"a:(A&B),a:-A",-> -> a:(A&B),2.1287,I
833,"a:(A&B),a:-A",-> -> a:(A&B),2.1265,I
834,"a:(A&B),a:-A",-> -> a:(A&B),2.4767,I
835,"a:(A&B),a:-A",-> -> a:(A&B),2.1249,I
836,"a:(A&B),a:-A",-> -> a:(A&B),2.1246,I
837,"a:(A&B),a:-A",-> -> a:(A&B),2.4102,I
838,"a:(A&B),a:-A",-> -> a:(A&B),2.4142,I
839,"a:(A&B),a:-A",-> -> a:(A&B),2.125,I
840,"a:(A&B),a:-A",-> -> a:(A&B),2.1265,I
841,"a:(A&B),a:-A",-> -> a:(A&B),2.4789,I
842,"a:(A&B),a:-A",-> -> a:(A&B),2.4794,I
843,"a:(A&B),a:-A",-> -> a:(A&B),2.1239,I
844,"a:(A&B),a:-A",-> -> a:(A&B),2.124,I
845,"a:(A&B),a:-A",-> -> a:(A&B),2.1255,I
846,"a:(A&B),a:-A",-> -> a:(A&B),2.1241,I
847,"a:(A&B),a:-A",-> -> a:(A&B),2.4815,I
848,"a:(A&B),a:-A",-> -> a:(A&B),2.4811,I
849,"a:(A&B),a:-A",-> -> a:(A&B),2.4184,I
850,"a:(A&B),a:-A",-> -> a:(A&B),2.4132,I
851,"a:(A&B),a:-A",-> -> a:(A&B),2.125,I
852,"a:(A&B),a:-A",-> -> a:(A&B),2.4145,I
853,"a:(A&B),a:-A",-> -> a:(A&B),2.1237,I
854,"a:(A&B),a:-A",-> -> a:(A&B),2.1249,I
855,"a:(A&B),a:-A",-> -> a:(A&B),2.4149,I
856,"a:(A&B),a:-A",-> -> a:(A&B),2.1266,I
857,"a:(A&B),a:-A",-> -> a:(A&B),2.1277,I
858,"a:(A&B),a:-A",-> -> a:(A&B),2.4155,I
859,"a:(A&B),a:-A",-> -> a:(A&B),2.1241,I
860,"a:(A&B),a:-A",-> -> a:(A&B),2.1254,I
861,"a:(A&B),a:-A",-> -> a:(A&B),2.1252,I
862,"a:(A&B),a:-A",-> -> a:(A&B),2.4797,I
863,"a:(A&B),a:-A",-> -> a:(A&B),2.1233,I
864,"a:(A&B),a:-A",-> -> a:(A&B),2.1258,I
865,"a:(A&B),a:-A",-> -> a:(A&B),2.4135,I
866,"a:(A&B),a:-A",-> -> a:(A&B),2.1274,I
867,"a:(A&B),a:-A",-> -> a:(A&B),2.4806,I
868,"a:(A&B),a:-A",-> -> a:(A&B),2.415,I
869,"a:(A&B),a:-A",-> -> a:(A&B),2.4125,I
870,"a:(A&B),a:-A",-> -> a:(A&B),2.1238,I
871,"a:(A&B),a:-A",-> -> a:(A&B),2.1234,I
872,"a:(A&B),a:-A",-> -> a:(A&B),2.4142,I
873,"a:(A&B),a:-A",-> -> a:(A&B),2.413,I
874,"a:(A&B),a:-A",-> -> a:(A&B),2.1256,I
875,"a:(A&B),a:-A",-> -> a:(A&B),2.4798,I
876,"a:(A&B),a:-A",-> -> a:(A&B),2.4123,I
877,"a:(A&B),a:-A",-> -> a:(A&B),2.1229,I
878,"a:(A&B),a:-A",-> -> a:(A&B),2.4807,I
879,"a:(A&B),a:-A",-> -> a:(A&B),2.1253,I
880,"a:(A&B),a:-A",-> -> a:(A&B),2.1253,I
881,"a:(A&B),a:-A",-> -> a:(A&B),2.1252,I
882,"a:(A&B),a:-A",-> -> a:(A&B),2.4794,I
883,"a:(A&B),a:-A",-> -> a:(A&B),2.1227,I
884,"a:(A&B),a:-A",-> -> a:(A&B),2.1238,I
885,"a:(A&B),a:-A",-> -> a:(A&B),2.1242,I
886,"a:(A&B),a:-A",-> -> a:(A&B),2.4809,I
887,"a:(A&B),a:-A",-> -> a:(A&B),2.1251,I
888,"a:(A&B),a:-A",-> -> a:(A&B),2.1244,I
889,"a:(A&B),a:-A",-> -> a:(A&B),2.4797,I
890,"a:(A&B),a:-A",-> -> a:(A&B),2.1268,I
891,"a:(A&B),a:-A",-> -> a:(A&B),2.4125,I
892,"a:(A&B),a:-A",-> -> a:(A&B),2.4778,I
893,"a:(A&B),a:-A",-> -> a:(A&B),2.4175,I
894,"a:(A&B),a:-A",-> -> a:(A&B),2.1273,I
895,"a:(A&B),a:-A",-> -> a:(A&B),2.4797,I
896,"a:(A&B),a:-A",-> -> a:(A&B),2.1255,I
897,"a:(A&B),a:-A",-> -> a:(A&B),2.1251,I
898,"a:(A&B),a:-A",-> -> a:(A&B),2.4138,I
899,"a:(A&B),a:-A",-> -> a:(A&B),2.4804,I
900,"a:-A,a:(A&B)",-> -> a:(A&B),2.1234,I
901,"a:-A,a:(A&B)",-> -> a:(A&B),2.1236,I
902,"a:-A,a:(A&B)",-> -> a:(A&B),2.4797,I
903,"a:-A,a:(A&B)",-> -> a:(A&B),2.1234,I
904,"a:-A,a:(A&B)",-> -> a:(A&B),2.1254,I
905,"a:-A,a:(A&B)",-> -> a:(A&B),2.4101,I
906,"a:-A,a:(A&B)",-> -> a:(A&B),2.1227,I
907,"a:-A,a:(A&B)",-> -> a:(A&B),2.4779,I
908,"a:-A,a:(A&B)",-> -> a:(A&B),2.1242,I
909,"a:-A,a:(A&B)",-> -> a:(A&B),2.1263,I
910,"a:-A,a:(A&B)",-> -> a:(A&B),2.1224,I
911,"a:-A,a:(A&B)",-> -> a:(A&B),2.4814,I
912,"a:-A,a:(A&B)",-> -> a:(A&B),2.1273,I
913,"a:-A,a:(A&B)",-> -> a:(A&B),2.1255,I
914,"a:-A,a:(A&B)",-> -> a:(A&B),2.4791,I
915,"a:-A,a:(A&B)",-> -> a:(A&B),2.4135,I
916,"a:-A,a:(A&B)",-> -> a:(A&B),2.126,I
917,"a:-A,a:(A&B)",-> -> a:(A&B),2.1253,I
918,"a:-A,a:(A&B)",-> -> a:(A&B),2.1237,I
919,"a:-A,a:(A&B)",-> -> a:(A&B),2.4771,I
920,"a:-A,a:(A&B)",-> -> a:(A&B),2.1239,I
921,"a:-A,a:(A&B)",-> -> a:(A&B),2.1264,I
922,"a:-A,a:(A&B)",-> -> a:(A&B),2.1278,I
923,"a:-A,a:(A&B)",-> -> a:(A&B),2.4127,I
924,"a:-A,a:(A&B)",-> -> a:(A&B),2.4154,I
925,"a:-A,a:(A&B)",-> -> a:(A&B),2.1286,I
926,"a:-A,a:(A&B)",-> -> a:(A&B),2.126,I
927,"a:-A,a:(A&B)",-> -> a:(A&B),2.1264,I
928,"a:-A,a:(A&B)",-> -> a:(A&B),2.1262,I
929,"a:-A,a:(A&B)",-> -> a:(A&B),2.4767,I
930,"a:-A,a:(A&B)",-> -> a:(A&B),2.4818,I
931,"a:-A,a:(A&B)",-> -> a:(A&B),2.4788,I
932,"a:-A,a:(A&B)",-> -> a:(A&B),2.1253,I
933,"a:-A,a:(A&B)",-> -> a:(A&B),2.4796,I
934,"a:-A,a:(A&B)",-> -> a:(A&B),2.4806,I
935,"a:-A,a:(A&B)",-> -> a:(A&B),2.4128,I
936,"a:-A,a:(A&B)",-> -> a:(A&B),2.1245,I
937,"a:-A,a:(A&B)",-> -> a:(A&B),2.4816,I
938,"a:-A,a:(A&B)",-> -> a:(A&B),2.1244,I
939,"a:-A,a:(A&B)",-> -> a:(A&B),2.1239,I
940,"a:-A,a:(A&B)",-> -> a:(A&B),2.1259,I
941,"a:-A,a:(A&B)",-> -> a:(A&B),2.1272,I
942,"a:-A,a:(A&B)",-> -> a:(A&B),2.4757,I
943,"a:-A,a:(A&B)",-> -> a:(A&B),2.1269,I
944,"a:-A,a:(A&B)",-> -> a:(A&B),2.4136,I
945,"a:-A,a:(A&B)",-> -> a:(A&B),2.1241,I
946,"a:-A,a:(A&B)",-> -> a:(A&B),2.1271,I
947,"a:-A,a:(A&B)",-> -> a:(A&B),2.1235,I
948,"a:-A,a:(A&B)",-> -> a:(A&B),2.1236,I
949,"a:-A,a:(A&B)",-> -> a:(A&B),2.4797,I
950,"a:-A,a:(A&B)",-> -> a:(A&B),2.4806,I
951,"a:-A,a:(A&B)",-> -> a:(A&B),2.4811,I
952,"a:-A,a:(A&B)",-> -> a:(A&B),2.1242,I
953,"a:-A,a:(A&B)",-> -> a:(A&B),2.1248,I
954,"a:-A,a:(A&B)",-> -> a:(A&B),2.1272,I
955,"a:-A,a:(A&B)",-> -> a:(A&B),2.1259,I
956,"a:-A,a:(A&B)",-> -> a:(A&B),2.1243,I
957,"a:-A,a:(A&B)",-> -> a:(A&B),2.4783,I
958,"a:-A,a:(A&B)",-> -> a:(A&B),2.4156,I
959,"a:-A,a:(A&B)",-> -> a:(A&B),2.1253,I
960,"a:-A,a:(A&B)",-> -> a:(A&B),2.4141,I
961,"a:-A,a:(A&B)",-> -> a:(A&B),2.4808,I
962,"a:-A,a:(A&B)",-> -> a:(A&B),2.482,I
963,"a:-A,a:(A&B)",-> -> a:(A&B),2.4787,I
964,"a:-A,a:(A&B)",-> -> a:(A&B),2.4122,I
965,"a:-A,a:(A&B)",-> -> a:(A&B),2.4134,I
966,"a:-A,a:(A&B)",-> -> a:(A&B),2.1223,I
967,"a:-A,a:(A&B)",-> -> a:(A&B),2.4172,I
968,"a:-A,a:(A&B)",-> -> a:(A&B),2.4836,I
969,"a:-A,a:(A&B)",-> -> a:(A&B),2.1234,I
970,"a:-A,a:(A&B)",-> -> a:(A&B),2.4779,I
971,"a:-A,a:(A&B)",-> -> a:(A&B),2.414,I
972,"a:-A,a:(A&B)",-> -> a:(A&B),2.4121,I
973,"a:-A,a:(A&B)",-> -> a:(A&B),2.1268,I
974,"a:-A,a:(A&B)",-> -> a:(A&B),2.413,I
975,"a:-A,a:(A&B)",-> -> a:(A&B),2.124,I
976,"a:-A,a:(A&B)",-> -> a:(A&B),2.4151,I
977,"a:-A,a:(A&B)",-> -> a:(A&B),2.1256,I
978,"a:-A,a:(A&B)",-> -> a:(A&B),2.1259,I
979,"a:-A,a:(A&B)",-> -> a:(A&B),2.4808,I
980,"a:-A,a:(A&B)",-> -> a:(A&B),2.1224,I
981,"a:-A,a:(A&B)",-> -> a:(A&B),2.4795,I
982,"a:-A,a:(A&B)",-> -> a:(A&B),2.1262,I
983,"a:-A,a:(A&B)",-> -> a:(A&B),2.1265,I
984,"a:-A,a:(A&B)",-> -> a:(A&B),2.1282,I
985,"a:-A,a:(A&B)",-> -> a:(A&B),2.4138,I
986,"a:-A,a:(A&B)",-> -> a:(A&B),2.4801,I
987,"a:-A,a:(A&B)",-> -> a:(A&B),2.1276,I
988,"a:-A,a:(A&B)",-> -> a:(A&B),2.4135,I
989,"a:-A,a:(A&B)",-> -> a:(A&B),2.1247,I
990,"a:-A,a:(A&B)",-> -> a:(A&B),2.4774,I
991,"a:-A,a:(A&B)",-> -> a:(A&B),2.1267,I
992,"a:-A,a:(A&B)",-> -> a:(A&B),2.1201,I
993,"a:-A,a:(A&B)",-> -> a:(A&B),2.4087,I
994,"a:-A,a:(A&B)",-> -> a:(A&B),2.1251,I
995,"a:-A,a:(A&B)",-> -> a:(A&B),2.1252,I
996,"a:-A,a:(A&B)",-> -> a:(A&B),2.1293,I
997,"a:-A,a:(A&B)",-> -> a:(A&B),2.1264,I
998,"a:-A,a:(A&B)",-> -> a:(A&B),2.4793,I
999,"a:-A,a:(A&B)",-> -> a:(A&B),2.1249,I
1000,"a:-A,a:(A&B)",-> -> a:(A&B),2.1286,I
1001,"a:-A,a:(A&B)",-> -> a:(A&B),2.4097,I
1002,"a:-A,a:(A&B)",-> -> a:(A&B),2.4797,I
1003,"a:-A,a:(A&B)",-> -> a:(A&B),2.4151,I
1004,"a:-A,a:(A&B)",-> -> a:(A&B),2.4809,I
1005,"a:-A,a:(A&B)",-> -> a:(A&B),2.1283,I
1006,"a:-A,a:(A&B)",-> -> a:(A&B),2.48,I
1007,"a:-A,a:(A&B)",-> -> a:(A&B),2.1241,I
1008,"a:-A,a:(A&B)",-> -> a:(A&B),2.1253,I
1009,"a:-A,a:(A&B)",-> -> a:(A&B),2.1246,I
1010,"a:-A,a:(A&B)",-> -> a:(A&B),2.125,I
1011,"a:-A,a:(A&B)",-> -> a:(A&B),2.1244,I
1012,"a:-A,a:(A&B)",-> -> a:(A&B),2.1262,I
1013,"a:-A,a:(A&B)",-> -> a:(A&B),2.1243,I
1014,"a:-A,a:(A&B)",-> -> a:(A&B),2.12,I
1015,"a:-A,a:(A&B)",-> -> a:(A&B),2.4126,I
1016,"a:-A,a:(A&B)",-> -> a:(A&B),2.1265,I
1017,"a:-A,a:(A&B)",-> -> a:(A&B),2.4135,I
1018,"a:-A,a:(A&B)",-> -> a:(A&B),2.4147,I
1019,"a:-A,a:(A&B)",-> -> a:(A&B),2.478,I
1020,"a:-A,a:(A&B)",-> -> a:(A&B),2.4817,I
1021,"a:-A,a:(A&B)",-> -> a:(A&B),2.1265,I
1022,"a:-A,a:(A&B)",-> -> a:(A&B),2.4802,I
1023,"a:-A,a:(A&B)",-> -> a:(A&B),2.1268,I
1024,"a:-A,a:(A&B)",-> -> a:(A&B),2.4137,I
1025,"a:-A,a:(A&B)",-> -> a:(A&B),2.1238,I
1026,"a:-A,a:(A&B)",-> -> a:(A&B),2.1232,I
1027,"a:-A,a:(A&B)",-> -> a:(A&B),2.1251,I
1028,"a:-A,a:(A&B)",-> -> a:(A&B),2.1253,I
1029,"a:-A,a:(A&B)",-> -> a:(A&B),2.4146,I
1030,"a:-A,a:(A&B)",-> -> a:(A&B),2.4132,I
1031,"a:-A,a:(A&B)",-> -> a:(A&B),2.416,I
1032,"a:-A,a:(A&B)",-> -> a:(A&B),2.4123,I
1033,"a:-A,a:(A&B)",-> -> a:(A&B),2.1249,I
1034,"a:-A,a:(A&B)",-> -> a:(A&B),2.1263,I
1035,"a:-A,a:(A&B)",-> -> a:(A&B),2.1245,I
1036,"a:-A,a:(A&B)",-> -> a:(A&B),2.4804,I
1037,"a:-A,a:(A&B)",-> -> a:(A&B),2.1243,I
1038,"a:-A,a:(A&B)",-> -> a:(A&B),2.1247,I
1039,"a:-A,a:(A&B)",-> -> a:(A&B),2.1256,I
1040,"a:-A,a:(A&B)",-> -> a:(A&B),2.128,I
1041,"a:-A,a:(A&B)",-> -> a:(A&B),2.1264,I
1042,"a:-A,a:(A&B)",-> -> a:(A&B),2.4108,I
1043,"a:-A,a:(A&B)",-> -> a:(A&B),2.4769,I
1044,"a:-A,a:(A&B)",-> -> a:(A&B),2.4796,I
1045,"a:-A,a:(A&B)",-> -> a:(A&B),2.1255,I
1046,"a:-A,a:(A&B)",-> -> a:(A&B),2.126,I
1047,"a:-A,a:(A&B)",-> -> a:(A&B),2.4802,I
1048,"a:-A,a:(A&B)",-> -> a:(A&B),2.1234,I
1049,"a:-A,a:(A&B)",-> -> a:(A&B),2.1263,I
1050,"a:-A,a:(A&B)",-> -> a:(A&B),2.417,I
1051,"a:-A,a:(A&B)",-> -> a:(A&B),2.1254,I
1052,"a:-A,a:(A&B)",-> -> a:(A&B),2.1236,I
1053,"a:-A,a:(A&B)",-> -> a:(A&B),2.4798,I
1054,"a:-A,a:(A&B)",-> -> a:(A&B),2.1265,I
1055,"a:-A,a:(A&B)",-> -> a:(A&B),2.1268,I
1056,"a:-A,a:(A&B)",-> -> a:(A&B),2.4131,I
1057,"a:-A,a:(A&B)",-> -> a:(A&B),2.4784,I
1058,"a:-A,a:(A&B)",-> -> a:(A&B),2.4792,I
1059,"a:-A,a:(A&B)",-> -> a:(A&B),2.4155,I
1060,"a:-A,a:(A&B)",-> -> a:(A&B),2.4792,I
1061,"a:-A,a:(A&B)",-> -> a:(A&B),2.1245,I
1062,"a:-A,a:(A&B)",-> -> a:(A&B),2.4819,I
1063,"a:-A,a:(A&B)",-> -> a:(A&B),2.1275,I
1064,"a:-A,a:(A&B)",-> -> a:(A&B),2.128,I
1065,"a:-A,a:(A&B)",-> -> a:(A&B),2.4137,I
1066,"a:-A,a:(A&B)",-> -> a:(A&B),2.4147,I
1067,"a:-A,a:(A&B)",-> -> a:(A&B),2.1252,I
1068,"a:-A,a:(A&B)",-> -> a:(A&B),2.1217,I
1069,"a:-A,a:(A&B)",-> -> a:(A&B),2.4151,I
1070,"a:-A,a:(A&B)",-> -> a:(A&B),2.414,I
1071,"a:-A,a:(A&B)",-> -> a:(A&B),2.4162,I
1072,"a:-A,a:(A&B)",-> -> a:(A&B),2.1283,I
1073,"a:-A,a:(A&B)",-> -> a:(A&B),2.4808,I
1074,"a:-A,a:(A&B)",-> -> a:(A&B),2.1265,I
1075,"a:-A,a:(A&B)",-> -> a:(A&B),2.126,I
1076,"a:-A,a:(A&B)",-> -> a:(A&B),2.1249,I
1077,"a:-A,a:(A&B)",-> -> a:(A&B),2.4789,I
1078,"a:-A,a:(A&B)",-> -> a:(A&B),2.4121,I
1079,"a:-A,a:(A&B)",-> -> a:(A&B),2.1256,I
1080,"a:-A,a:(A&B)",-> -> a:(A&B),2.4142,I
1081,"a:-A,a:(A&B)",-> -> a:(A&B),2.4128,I
1082,"a:-A,a:(A&B)",-> -> a:(A&B),2.1245,I
1083,"a:-A,a:(A&B)",-> -> a:(A&B),2.4764,I
1084,"a:-A,a:(A&B)",-> -> a:(A&B),2.413,I
1085,"a:-A,a:(A&B)",-> -> a:(A&B),2.1257,I
1086,"a:-A,a:(A&B)",-> -> a:(A&B),2.1255,I
1087,"a:-A,a:(A&B)",-> -> a:(A&B),2.1264,I
1088,"a:-A,a:(A&B)",-> -> a:(A&B),2.1257,I
1089,"a:-A,a:(A&B)",-> -> a:(A&B),2.4789,I
1090,"a:-A,a:(A&B)",-> -> a:(A&B),2.1255,I
1091,"a:-A,a:(A&B)",-> -> a:(A&B),2.1236,I
1092,"a:-A,a:(A&B)",-> -> a:(A&B),2.4814,I
1093,"a:-A,a:(A&B)",-> -> a:(A&B),2.1257,I
1094,"a:-A,a:(A&B)",-> -> a:(A&B),2.4136,I
1095,"a:-A,a:(A&B)",-> -> a:(A&B),2.4161,I
1096,"a:-A,a:(A&B)",-> -> a:(A&B),2.1258,I
1097,"a:-A,a:(A&B)",-> -> a:(A&B),2.126,I
1098,"a:-A,a:(A&B)",-> -> a:(A&B),2.4161,I
1099,"a:-A,a:(A&B)",-> -> a:(A&B),2.1269,I
1100,"a:-A,a:(A&B)",-> -> a:(A&B),2.4771,I
1101,"a:-A,a:(A&B)",-> -> a:(A&B),2.1252,I
1102,"a:-A,a:(A&B)",-> -> a:(A&B),2.4153,I
1103,"a:-A,a:(A&B)",-> -> a:(A&B),2.481,I
1104,"a:-A,a:(A&B)",-> -> a:(A&B),2.4104,I
1105,"a:-A,a:(A&B)",-> -> a:(A&B),2.1244,I
1106,"a:-A,a:(A&B)",-> -> a:(A&B),2.1247,I
1107,"a:-A,a:(A&B)",-> -> a:(A&B),2.4154,I
1108,"a:-A,a:(A&B)",-> -> a:(A&B),2.1225,I
1109,"a:-A,a:(A&B)",-> -> a:(A&B),2.126,I
1110,"a:-A,a:(A&B)",-> -> a:(A&B),2.4794,I
1111,"a:-A,a:(A&B)",-> -> a:(A&B),2.4741,I
1112,"a:-A,a:(A&B)",-> -> a:(A&B),2.1247,I
1113,"a:-A,a:(A&B)",-> -> a:(A&B),2.4146,I
1114,"a:-A,a:(A&B)",-> -> a:(A&B),2.4805,I
1115,"a:-A,a:(A&B)",-> -> a:(A&B),2.1252,I
1116,"a:-A,a:(A&B)",-> -> a:(A&B),2.4121,I
1117,"a:-A,a:(A&B)",-> -> a:(A&B),2.1248,I
1118,"a:-A,a:(A&B)",-> -> a:(A&B),2.4801,I
1119,"a:-A,a:(A&B)",-> -> a:(A&B),2.1271,I
1120,"a:-A,a:(A&B)",-> -> a:(A&B),2.4805,I
1121,"a:-A,a:(A&B)",-> -> a:(A&B),2.127,I
1122,"a:-A,a:(A&B)",-> -> a:(A&B),2.1236,I
1123,"a:-A,a:(A&B)",-> -> a:(A&B),2.1233,I
1124,"a:-A,a:(A&B)",-> -> a:(A&B),2.1244,I
1125,"a:-A,a:(A&B)",-> -> a:(A&B),2.1261,I
1126,"a:-A,a:(A&B)",-> -> a:(A&B),2.125,I
1127,"a:-A,a:(A&B)",-> -> a:(A&B),2.1245,I
1128,"a:-A,a:(A&B)",-> -> a:(A&B),2.414,I
1129,"a:-A,a:(A&B)",-> -> a:(A&B),2.478,I
1130,"a:-A,a:(A&B)",-> -> a:(A&B),2.413,I
1131,"a:-A,a:(A&B)",-> -> a:(A&B),2.4789,I
1132,"a:-A,a:(A&B)",-> -> a:(A&B),2.4809,I
1133,"a:-A,a:(A&B)",-> -> a:(A&B),2.1246,I
1134,"a:-A,a:(A&B)",-> -> a:(A&B),2.4793,I
1135,"a:-A,a:(A&B)",-> -> a:(A&B),2.1259,I
1136,"a:-A,a:(A&B)",-> -> a:(A&B),2.4852,I
1137,"a:-A,a:(A&B)",-> -> a:(A&B),2.1246,I
1138,"a:-A,a:(A&B)",-> -> a:(A&B),2.1267,I
1139,"a:-A,a:(A&B)",-> -> a:(A&B),2.1221,I
1140,"a:-A,a:(A&B)",-> -> a:(A&B),2.1295,I
1141,"a:-A,a:(A&B)",-> -> a:(A&B),2.1263,I
1142,"a:-A,a:(A&B)",-> -> a:(A&B),2.1273,I
1143,"a:-A,a:(A&B)",-> -> a:(A&B),2.474,I
1144,"a:-A,a:(A&B)",-> -> a:(A&B),2.4811,I
1145,"a:-A,a:(A&B)",-> -> a:(A&B),2.4137,I
1146,"a:-A,a:(A&B)",-> -> a:(A&B),2.4788,I
1147,"a:-A,a:(A&B)",-> -> a:(A&B),2.4812,I
1148,"a:-A,a:(A&B)",-> -> a:(A&B),2.127,I
1149,"a:-A,a:(A&B)",-> -> a:(A&B),2.1227,I
1150,"a:-A,a:(A&B)",-> -> a:(A&B),2.4105,I
1151,"a:-A,a:(A&B)",-> -> a:(A&B),2.1248,I
1152,"a:-A,a:(A&B)",-> -> a:(A&B),2.1241,I
1153,"a:-A,a:(A&B)",-> -> a:(A&B),2.4152,I
1154,"a:-A,a:(A&B)",-> -> a:(A&B),2.125,I
1155,"a:-A,a:(A&B)",-> -> a:(A&B),2.1247,I
1156,"a:-A,a:(A&B)",-> -> a:(A&B),2.1246,I
1157,"a:-A,a:(A&B)",-> -> a:(A&B),2.1256,I
1158,"a:-A,a:(A&B)",-> -> a:(A&B),2.1242,I
1159,"a:-A,a:(A&B)",-> -> a:(A&B),2.125,I
1160,"a:-A,a:(A&B)",-> -> a:(A&B),2.1268,I
1161,"a:-A,a:(A&B)",-> -> a:(A&B),2.125,I
1162,"a:-A,a:(A&B)",-> -> a:(A&B),2.1256,I
1163,"a:-A,a:(A&B)",-> -> a:(A&B),2.1247,I
1164,"a:-A,a:(A&B)",-> -> a:(A&B),2.1243,I
1165,"a:-A,a:(A&B)",-> -> a:(A&B),2.1258,I
1166,"a:-A,a:(A&B)",-> -> a:(A&B),2.4103,I
1167,"a:-A,a:(A&B)",-> -> a:(A&B),2.4133,I
1168,"a:-A,a:(A&B)",-> -> a:(A&B),2.1263,I
1169,"a:-A,a:(A&B)",-> -> a:(A&B),2.1267,I
1170,"a:-A,a:(A&B)",-> -> a:(A&B),2.1247,I
1171,"a:-A,a:(A&B)",-> -> a:(A&B),2.1242,I
1172,"a:-A,a:(A&B)",-> -> a:(A&B),2.4779,I
1173,"a:-A,a:(A&B)",-> -> a:(A&B),2.1222,I
1174,"a:-A,a:(A&B)",-> -> a:(A&B),2.4119,I
1175,"a:-A,a:(A&B)",-> -> a:(A&B),2.1241,I
1176,"a:-A,a:(A&B)",-> -> a:(A&B),2.127,I
1177,"a:-A,a:(A&B)",-> -> a:(A&B),2.4831,I
1178,"a:-A,a:(A&B)",-> -> a:(A&B),2.1265,I
1179,"a:-A,a:(A&B)",-> -> a:(A&B),2.4804,I
1180,"a:-A,a:(A&B)",-> -> a:(A&B),2.1259,I
1181,"a:-A,a:(A&B)",-> -> a:(A&B),2.4801,I
1182,"a:-A,a:(A&B)",-> -> a:(A&B),2.1273,I
1183,"a:-A,a:(A&B)",-> -> a:(A&B),2.4104,I
1184,"a:-A,a:(A&B)",-> -> a:(A&B),2.1261,I
1185,"a:-A,a:(A&B)",-> -> a:(A&B),2.4135,I
1186,"a:-A,a:(A&B)",-> -> a:(A&B),2.4144,I
1187,"a:-A,a:(A&B)",-> -> a:(A&B),2.1265,I
1188,"a:-A,a:(A&B)",-> -> a:(A&B),2.4825,I
1189,"a:-A,a:(A&B)",-> -> a:(A&B),2.4136,I
1190,"a:-A,a:(A&B)",-> -> a:(A&B),2.4145,I
1191,"a:-A,a:(A&B)",-> -> a:(A&B),2.4152,I
1192,"a:-A,a:(A&B)",-> -> a:(A&B),2.1252,I
1193,"a:-A,a:(A&B)",-> -> a:(A&B),2.4152,I
1194,"a:-A,a:(A&B)",-> -> a:(A&B),2.4803,I
1195,"a:-A,a:(A&B)",-> -> a:(A&B),2.1234,I
1196,"a:-A,a:(A&B)",-> -> a:(A&B),2.479,I
1197,"a:-A,a:(A&B)",-> -> a:(A&B),2.4148,I
1198,"a:-A,a:(A&B)",-> -> a:(A&B),2.1243,I
1199,"a:-A,a:(A&B)",-> -> a:(A&B),2.4811,I
